"prim_state","area_name","tot_emp","emp_prse","jobs_1000","loc_quotient","mor","high_emp","low_emp"
"PR","Aguadilla-Isabela-San Sebastian, PR",160,4.4,3.727,3.62,21.4521080242023,194.323372838724,125.676627161276
"PR","Ponce, PR",180,3.6,3.434,3.34,20.9313885726946,217.67649943085,142.32350056915
"PR","San German-Cabo Rojo, PR",50,0.2,2.679,2.6,27.3438247034175,63.6719123517087,36.3280876482913
"PR","Mayaguez, PR",80,1.4,2.563,2.49,24.78984272384,99.831874179072,60.168125820928
"KY","Owensboro, KY",100,34,2.099,2.04,23.6622187509264,123.662218750926,76.3377812490736
"NY","Nassau-Suffolk, NY Metropolitan Division",2530,6.6,2.05,1.99,12.0593210799711,2835.10082332327,2224.89917667673
"MD","Bethesda-Rockville-Frederick, MD Metropolitan Division",1140,19.1,2.036,1.98,14.2414342144859,1302.35235004514,977.647649954861
"CT","New Haven, CT",550,9,2.01,1.95,16.5803549178391,641.191952048115,458.808047951885
"MA","Haverhill-North Andover-Amesbury, MA-NH NECTA Division",160,6,1.985,1.93,21.4521080242023,194.323372838724,125.676627161276
"FL","Tallahassee, FL",310,3,1.975,1.92,18.6871393697608,367.930132046259,252.069867953741
"NC","Durham-Chapel Hill, NC",540,1.7,1.962,1.91,16.643949068556,629.877324970202,450.122675029798
"NY","Ithaca, NY",100,33.7,1.954,1.9,23.6622187509264,123.662218750926,76.3377812490736
"DE","Dover, DE",120,42.6,1.952,1.9,22.7790656241357,147.334878748963,92.6651212510371
"MO","St. Joseph, MO-KS",100,12.6,1.942,1.89,23.6622187509264,123.662218750926,76.3377812490736
"FL","Gainesville, FL",220,9.1,1.805,1.75,20.073168281269,264.160970218792,175.839029781208
"NY","Poughkeepsie-Newburgh-Middletown, NY",440,10.3,1.802,1.75,17.3704923889517,516.430166511388,363.569833488612
"IA","Iowa City, IA",160,45.5,1.792,1.74,21.4521080242023,194.323372838724,125.676627161276
"KS","Lawrence, KS",80,11.7,1.754,1.7,24.78984272384,99.831874179072,60.168125820928
"MA","Worcester, MA-CT",420,6.9,1.73,1.68,17.5399017179757,493.667587215498,346.332412784502
"ND","Grand Forks, ND-MN",90,2.8,1.716,1.67,24.188104503449,111.769294053104,68.2307059468959
"IN","Anderson, IN",60,15.4,1.7,1.65,26.3232617317269,75.7939570390361,44.2060429609639
"KS","Manhattan, KS",80,7.4,1.68,1.63,24.78984272384,99.831874179072,60.168125820928
"MA","Springfield, MA-CT",480,9.1,1.67,1.62,17.0580079829849,561.878438318328,398.121561681672
"FL","Ocala, FL",150,40.7,1.667,1.62,21.7429065502564,182.614359825385,117.385640174615
"AL","Auburn-Opelika, AL",80,6.7,1.658,1.61,24.78984272384,99.831874179072,60.168125820928
"CA","Madera-Chowchilla, CA",60,30.1,1.655,1.61,26.3232617317269,75.7939570390361,44.2060429609639
"OH","Dayton, OH",610,29.7,1.652,1.6,16.2260324781294,708.978798116589,511.021201883411
"SC","Sumter, SC",60,17,1.644,1.6,26.3232617317269,75.7939570390361,44.2060429609639
"WI","Sheboygan, WI",90,16.8,1.613,1.57,24.188104503449,111.769294053104,68.2307059468959
"OK","Lawton, OK",70,23.4,1.612,1.57,25.4901630608888,87.8431141426221,52.1568858573779
"IL","Bloomington-Normal, IL",140,9.6,1.608,1.56,22.0581363757847,170.881390926099,109.118609073901
"NY","Kingston, NY",90,8.1,1.607,1.56,24.188104503449,111.769294053104,68.2307059468959
"KS","Topeka, KS",170,10,1.604,1.56,21.182488376631,206.010230240273,133.989769759727
"KY","Bowling Green, KY",90,6.8,1.58,1.53,24.188104503449,111.769294053104,68.2307059468959
"MD","Salisbury, MD",80,2.1,1.569,1.52,24.78984272384,99.831874179072,60.168125820928
"GA","Athens-Clarke County, GA",120,5.1,1.556,1.51,22.7790656241357,147.334878748963,92.6651212510371
"AR","Jonesboro, AR",80,3.8,1.539,1.49,24.78984272384,99.831874179072,60.168125820928
"NY","Albany-Schenectady-Troy, NY",660,5.1,1.538,1.49,15.9615206300183,765.346036158121,554.653963841879
"IN","Muncie, IN",70,4.3,1.524,1.48,25.4901630608888,87.8431141426221,52.1568858573779
"VA","Lynchburg, VA",150,18.2,1.515,1.47,21.7429065502564,182.614359825385,117.385640174615
"CT","Norwich-New London, CT-RI",190,11.2,1.513,1.47,20.696608577694,229.323556297619,150.676443702381
"MI","Niles-Benton Harbor, MI",90,22.9,1.508,1.46,24.188104503449,111.769294053104,68.2307059468959
"TX","McAllen-Edinburg-Mission, TX",350,3,1.5,1.46,18.2199304470478,413.769756564667,286.230243435333
"TN","Kingsport-Bristol-Bristol, TN-VA",170,16,1.5,1.46,21.182488376631,206.010230240273,133.989769759727
"CT","Hartford-West Hartford-East Hartford, CT",830,8.1,1.486,1.44,15.2162797022871,956.295121528983,703.704878471017
"MS","Jackson, MS",370,7.7,1.477,1.43,18.0099170485859,436.636693079768,303.363306920232
"NY","Glens Falls, NY",80,6.7,1.466,1.42,24.78984272384,99.831874179072,60.168125820928
"PA","Johnstown, PA",80,8.9,1.465,1.42,24.78984272384,99.831874179072,60.168125820928
"WI","Madison, WI",500,5.6,1.463,1.42,16.9133472718427,584.566736359214,415.433263640786
"NC","Fayetteville, NC",180,6.9,1.461,1.42,20.9313885726946,217.67649943085,142.32350056915
"PR","San Juan-Caguas-Guaynabo, PR",1050,1.5,1.459,1.42,14.4878870955027,1202.12281450278,897.877185497221
"MA","Pittsfield, MA",50,13.9,1.454,1.41,27.3438247034175,63.6719123517087,36.3280876482913
"MA","Boston-Cambridge-Quincy, MA NECTA Division",2540,2.3,1.452,1.41,12.0494003670639,2846.05476932342,2233.94523067658
"NC","Burlington, NC",80,8.3,1.452,1.41,24.78984272384,99.831874179072,60.168125820928
"NY","Syracuse, NY",440,6.8,1.447,1.41,17.3704923889517,516.430166511388,363.569833488612
"WA","Olympia, WA",140,17.6,1.446,1.4,22.0581363757847,170.881390926099,109.118609073901
"MI","Ann Arbor, MI",290,9,1.437,1.4,18.9489657869872,344.952000782263,235.047999217737
"IN","Bloomington, IN",100,3.6,1.429,1.39,23.6622187509264,123.662218750926,76.3377812490736
"LA","Alexandria, LA",90,18.9,1.421,1.38,24.188104503449,111.769294053104,68.2307059468959
"IL","Peoria, IL",260,29,1.413,1.37,19.3856202915816,310.402612758112,209.597387241888
"MD","Cumberland, MD-WV",50,18.4,1.411,1.37,27.3438247034175,63.6719123517087,36.3280876482913
"DC","Washington-Arlington-Alexandria, DC-VA-MD-WV Metropolitan Division",3340,2.4,1.409,1.37,11.3803784387624,3720.10463985466,2959.89536014534
"NY","Rochester, NY",700,4.4,1.407,1.37,15.7667767600494,810.367437320346,589.632562679654
"SC","Columbia, SC",480,2.5,1.397,1.36,17.0580079829849,561.878438318328,398.121561681672
"NJ","Edison-New Brunswick, NJ Metropolitan Division",1370,18.2,1.391,1.35,13.7057182462121,1557.76833997311,1182.23166002689
"CT","Waterbury, CT",90,10.8,1.39,1.35,24.188104503449,111.769294053104,68.2307059468959
"IN","South Bend-Mishawaka, IN-MI",170,5.4,1.385,1.34,21.182488376631,206.010230240273,133.989769759727
"NH","Rochester-Dover, NH-ME",70,16.6,1.377,1.34,25.4901630608888,87.8431141426221,52.1568858573779
"CO","Greeley, CO",120,5.3,1.376,1.34,22.7790656241357,147.334878748963,92.6651212510371
"MS","Pascagoula, MS",70,18.4,1.375,1.34,25.4901630608888,87.8431141426221,52.1568858573779
"NY","Utica-Rome, NY",170,13.5,1.372,1.33,21.182488376631,206.010230240273,133.989769759727
"FL","Palm Bay-Melbourne-Titusville, FL",260,6,1.363,1.32,19.3856202915816,310.402612758112,209.597387241888
"MO","Jefferson City, MO",100,13.6,1.36,1.32,23.6622187509264,123.662218750926,76.3377812490736
"IL","Lake County-Kenosha County, IL-WI Metropolitan Division",510,20.5,1.35,1.31,16.8436153416906,595.902438242622,424.097561757378
"ND","Bismarck, ND",90,13.6,1.34,1.3,24.188104503449,111.769294053104,68.2307059468959
"MA","Leominster-Fitchburg-Gardner, MA",60,31.7,1.332,1.29,26.3232617317269,75.7939570390361,44.2060429609639
"OR","Corvallis, OR",40,6.8,1.327,1.29,28.6468957539932,51.4587583015973,28.5412416984027
"OH","Canton-Massillon, OH",220,8.7,1.325,1.29,20.073168281269,264.160970218792,175.839029781208
"WI","Fond du Lac, WI",60,12.2,1.324,1.29,26.3232617317269,75.7939570390361,44.2060429609639
"FL","Deltona-Daytona Beach-Ormond Beach, FL",200,12.2,1.319,1.28,20.4763087201446,240.952617440289,159.047382559711
"ME","Bangor, ME",80,10.4,1.319,1.28,24.78984272384,99.831874179072,60.168125820928
"RI","Providence-Fall River-Warwick, RI-MA",710,5,1.315,1.28,15.7201865408755,821.613324440216,598.386675559784
"LA","Monroe, LA",100,4,1.308,1.27,23.6622187509264,123.662218750926,76.3377812490736
"GA","Rome, GA",50,25,1.304,1.27,27.3438247034175,63.6719123517087,36.3280876482913
"CT","Bridgeport-Stamford-Norwalk, CT",540,5.6,1.295,1.26,16.643949068556,629.877324970202,450.122675029798
"NJ","Trenton-Ewing, NJ",280,15.6,1.29,1.25,19.0882019550231,333.446965474065,226.553034525935
"CT","Danbury, CT",90,20.4,1.284,1.25,24.188104503449,111.769294053104,68.2307059468959
"PA","State College, PA",80,10.6,1.283,1.25,24.78984272384,99.831874179072,60.168125820928
"WV","Morgantown, WV",80,7.2,1.278,1.24,24.78984272384,99.831874179072,60.168125820928
"PA","Pittsburgh, PA",1440,9.4,1.275,1.24,13.5639647170944,1635.32109192616,1244.67890807384
"VA","Virginia Beach-Norfolk-Newport News, VA-NC",920,8.9,1.272,1.24,14.892949072107,1057.01513146338,782.984868536616
"ME","Portland-South Portland-Biddeford, ME",250,6.6,1.272,1.24,19.544895929558,298.862239823895,201.137760176105
"IL","Kankakee-Bradley, IL",50,37.5,1.271,1.23,27.3438247034175,63.6719123517087,36.3280876482913
"TN","Morristown, TN",60,9.6,1.269,1.23,26.3232617317269,75.7939570390361,44.2060429609639
"SC","Anderson, SC",80,12,1.268,1.23,24.78984272384,99.831874179072,60.168125820928
"MA","Barnstable Town, MA",120,9,1.267,1.23,22.7790656241357,147.334878748963,92.6651212510371
"SC","Greenville-Mauldin-Easley, SC",380,8.6,1.266,1.23,17.9099919224719,448.057969305393,311.942030694607
"NH","Nashua, NH-MA NECTA Division",170,5.8,1.266,1.23,21.182488376631,206.010230240273,133.989769759727
"VA","Richmond, VA",770,3.6,1.265,1.23,15.456358247144,889.013958503009,650.986041496991
"NC","Raleigh-Cary, NC",670,9.6,1.258,1.22,15.9115222610126,776.607199148784,563.392800851216
"TN","Cleveland, TN",50,8.1,1.243,1.21,27.3438247034175,63.6719123517087,36.3280876482913
"OH","Cleveland-Elyria-Mentor, OH",1250,13.5,1.241,1.21,13.9703556850812,1424.62944606351,1075.37055393649
"MO","Springfield, MO",230,18.8,1.241,1.21,19.8878711153629,275.742103565335,184.257896434665
"VA","Harrisonburg, VA",70,0,1.241,1.21,25.4901630608888,87.8431141426221,52.1568858573779
"TX","El Paso, TX",350,6.1,1.234,1.2,18.2199304470478,413.769756564667,286.230243435333
"NC","Greenville, NC",90,8.4,1.229,1.19,24.188104503449,111.769294053104,68.2307059468959
"TX","Brownsville-Harlingen, TX",160,2.8,1.223,1.19,21.4521080242023,194.323372838724,125.676627161276
"ID","Pocatello, ID",40,8,1.221,1.19,28.6468957539932,51.4587583015973,28.5412416984027
"MD","Baltimore-Towson, MD",1560,3.9,1.218,1.18,13.3393369765474,1768.09365683414,1351.90634316586
"WV","Parkersburg-Marietta-Vienna, WV-OH",80,13.1,1.215,1.18,24.78984272384,99.831874179072,60.168125820928
"TN","Clarksville, TN-KY",100,7.7,1.212,1.18,23.6622187509264,123.662218750926,76.3377812490736
"TX","Killeen-Temple-Fort Hood, TX",160,11.6,1.211,1.18,21.4521080242023,194.323372838724,125.676627161276
"GA","Albany, GA",70,13.9,1.202,1.17,25.4901630608888,87.8431141426221,52.1568858573779
"IL","Decatur, IL",60,15.2,1.198,1.16,26.3232617317269,75.7939570390361,44.2060429609639
"KY","Lexington-Fayette, KY",300,5.1,1.192,1.16,18.8154150581874,356.446245174562,243.553754825438
"OH","Toledo, OH",350,11.6,1.19,1.16,18.2199304470478,413.769756564667,286.230243435333
"UT","Logan, UT-ID",60,20.1,1.183,1.15,26.3232617317269,75.7939570390361,44.2060429609639
"NJ","Newark-Union, NJ-PA Metropolitan Division",1130,13.2,1.179,1.15,14.2676363091687,1291.22429029361,968.775709706394
"MA","Brockton-Bridgewater-Easton, MA NECTA Division",110,6.9,1.178,1.14,23.1963536683867,135.515989035225,84.4840109647747
"AL","Anniston-Oxford, AL",50,13.8,1.175,1.14,27.3438247034175,63.6719123517087,36.3280876482913
"TN","Jackson, TN",70,10.6,1.174,1.14,25.4901630608888,87.8431141426221,52.1568858573779
"MS","Hattiesburg, MS",70,8,1.173,1.14,25.4901630608888,87.8431141426221,52.1568858573779
"NC","Rocky Mount, NC",60,5.4,1.173,1.14,26.3232617317269,75.7939570390361,44.2060429609639
"IN","Lafayette, IN",100,44.5,1.171,1.14,23.6622187509264,123.662218750926,76.3377812490736
"WA","Spokane, WA",230,4.5,1.17,1.14,19.8878711153629,275.742103565335,184.257896434665
"IL","Champaign-Urbana, IL",110,15.6,1.164,1.13,23.1963536683867,135.515989035225,84.4840109647747
"AR","Fort Smith, AR-OK",130,7.4,1.161,1.13,22.401830048134,159.122379062574,100.877620937426
"TX","Abilene, TX",70,12.4,1.155,1.12,25.4901630608888,87.8431141426221,52.1568858573779
"NH","Manchester, NH",120,7.1,1.145,1.11,22.7790656241357,147.334878748963,92.6651212510371
"NC","Greensboro-High Point, NC",390,4.1,1.139,1.11,17.8131955779554,459.471462754026,320.528537245974
"VA","Charlottesville, VA",110,7.2,1.139,1.11,23.1963536683867,135.515989035225,84.4840109647747
"NY","Binghamton, NY",120,4,1.138,1.11,22.7790656241357,147.334878748963,92.6651212510371
"WI","La Crosse, WI-MN",80,11.5,1.136,1.1,24.78984272384,99.831874179072,60.168125820928
"WA","Yakima, WA",90,4.2,1.132,1.1,24.188104503449,111.769294053104,68.2307059468959
"AR","Little Rock-North Little Rock-Conway, AR",380,9.3,1.129,1.1,17.9099919224719,448.057969305393,311.942030694607
"AL","Montgomery, AL",180,3.9,1.128,1.1,20.9313885726946,217.67649943085,142.32350056915
"IN","Terre Haute, IN",70,9.1,1.124,1.09,25.4901630608888,87.8431141426221,52.1568858573779
"NJ","Ocean City, NJ",40,18.8,1.124,1.09,28.6468957539932,51.4587583015973,28.5412416984027
"VA","Roanoke, VA",170,11.1,1.118,1.09,21.182488376631,206.010230240273,133.989769759727
"VA","Blacksburg-Christiansburg-Radford, VA",70,9.9,1.117,1.09,25.4901630608888,87.8431141426221,52.1568858573779
"TX","Wichita Falls, TX",60,4.1,1.116,1.08,26.3232617317269,75.7939570390361,44.2060429609639
"MO","Columbia, MO",100,16.8,1.112,1.08,23.6622187509264,123.662218750926,76.3377812490736
"NC","Winston-Salem, NC",230,13.1,1.111,1.08,19.8878711153629,275.742103565335,184.257896434665
"LA","Baton Rouge, LA",410,3.2,1.105,1.07,17.6283049931218,482.276050471799,337.723949528201
"AL","Tuscaloosa, AL",100,20.3,1.102,1.07,23.6622187509264,123.662218750926,76.3377812490736
"ME","Lewiston-Auburn, ME",50,21.3,1.102,1.07,27.3438247034175,63.6719123517087,36.3280876482913
"MA","New Bedford, MA",70,29.9,1.1,1.07,25.4901630608888,87.8431141426221,52.1568858573779
"AZ","Prescott, AZ",60,32.8,1.096,1.06,26.3232617317269,75.7939570390361,44.2060429609639
"IL","Chicago-Joliet-Naperville, IL Metropolitan Division",4050,10.3,1.094,1.06,10.9318235602739,4492.73885419109,3607.26114580891
"WA","Tacoma, WA Metropolitan Division",290,6.6,1.093,1.06,18.9489657869872,344.952000782263,235.047999217737
"CO","Boulder, CO",180,4.8,1.091,1.06,20.9313885726946,217.67649943085,142.32350056915
"CA","Yuba City, CA",40,23.8,1.089,1.06,28.6468957539932,51.4587583015973,28.5412416984027
"NJ","Camden, NJ Metropolitan Division",550,10.2,1.088,1.06,16.5803549178391,641.191952048115,458.808047951885
"AR","Fayetteville-Springdale-Rogers, AR-MO",230,3.6,1.086,1.06,19.8878711153629,275.742103565335,184.257896434665
"DE","Wilmington, DE-MD-NJ Metropolitan Division",350,5.6,1.081,1.05,18.2199304470478,413.769756564667,286.230243435333
"CO","Fort Collins-Loveland, CO",150,1,1.079,1.05,21.7429065502564,182.614359825385,117.385640174615
"MI","Monroe, MI",40,13.3,1.075,1.04,28.6468957539932,51.4587583015973,28.5412416984027
"HI","Honolulu, HI",470,3.1,1.068,1.04,17.1330977933685,550.525559628832,389.474440371168
"SC","Florence, SC",90,4.6,1.068,1.04,24.188104503449,111.769294053104,68.2307059468959
"MO","Cape Girardeau-Jackson, MO-IL",40,14.1,1.068,1.04,28.6468957539932,51.4587583015973,28.5412416984027
"NM","Santa Fe, NM",60,5,1.067,1.04,26.3232617317269,75.7939570390361,44.2060429609639
"FL","West Palm Beach-Boca Raton-Boynton Beach, FL Metropolitan Division",560,4,1.065,1.03,16.5181431317897,652.501601538023,467.498398461978
"VA","Winchester, VA-WV",60,45.2,1.062,1.03,26.3232617317269,75.7939570390361,44.2060429609639
"MN","St. Cloud, MN",100,7.7,1.06,1.03,23.6622187509264,123.662218750926,76.3377812490736
"MA","Framingham, MA NECTA Division",170,10.6,1.056,1.03,21.182488376631,206.010230240273,133.989769759727
"CA","San Francisco-San Mateo-Redwood City, CA Metropolitan Division",1100,5.1,1.05,1.02,14.3479556824716,1257.82751250719,942.172487492813
"PA","Scranton--Wilkes-Barre, PA",260,13.9,1.05,1.02,19.3856202915816,310.402612758112,209.597387241888
"NE","Omaha-Council Bluffs, NE-IA",480,5,1.049,1.02,17.0580079829849,561.878438318328,398.121561681672
"LA","Lake Charles, LA",90,0,1.045,1.01,24.188104503449,111.769294053104,68.2307059468959
"MA","Peabody, MA NECTA Division",110,14.7,1.04,1.01,23.1963536683867,135.515989035225,84.4840109647747
"SD","Rapid City, SD",60,1.1,1.039,1.01,26.3232617317269,75.7939570390361,44.2060429609639
"NY","New York-White Plains-Wayne, NY-NJ Metropolitan Division",5440,5.9,1.038,1.01,10.2791687471329,5999.18677984403,4880.81322015597
"TX","Amarillo, TX",110,5.6,1.038,1.01,23.1963536683867,135.515989035225,84.4840109647747
"KY","Elizabethtown, KY",50,4.9,1.037,1.01,27.3438247034175,63.6719123517087,36.3280876482913
"WI","Janesville, WI",60,10.1,1.035,1,26.3232617317269,75.7939570390361,44.2060429609639
"NC","Asheville, NC",180,4.8,1.033,1,20.9313885726946,217.67649943085,142.32350056915
"IA","Davenport-Moline-Rock Island, IA-IL",190,15.3,1.031,1,20.696608577694,229.323556297619,150.676443702381
"IN","Kokomo, IN",40,4.8,1.031,1,28.6468957539932,51.4587583015973,28.5412416984027
"MO","Kansas City, MO-KS",1020,7.9,1.03,1,14.5757704013414,1168.67285809368,871.327141906317
"AL","Gadsden, AL",40,12.4,1.029,1,28.6468957539932,51.4587583015973,28.5412416984027
"PA","Philadelphia, PA Metropolitan Division",1890,7,1.028,1,12.8158562637506,2132.21968338489,1647.78031661511
"OK","Oklahoma City, OK",610,16.1,1.028,1,16.2260324781294,708.978798116589,511.021201883411
"TX","Austin-Round Rock-San Marcos, TX",880,5.4,1.026,1,15.0317080794958,1012.27903109956,747.720968900437
"UT","Provo-Orem, UT",190,7.6,1.025,1,20.696608577694,229.323556297619,150.676443702381
"MO","St. Louis, MO-IL",1320,5.7,1.024,0.99,13.812441998932,1502.3242343859,1137.6757656141
"IN","Indianapolis-Carmel, IN",930,10.2,1.024,0.99,14.8593962042751,1068.19238469976,791.807615300241
"GA","Augusta-Richmond County, GA-SC",210,6.6,1.015,0.99,20.2689360173682,252.564765636473,167.435234363527
"TN","Nashville-Davidson--Murfreesboro--Franklin, TN",800,3.9,1.014,0.99,15.3335981103721,922.668784882977,677.331215117023
"VT","Burlington-South Burlington, VT",120,19,1.011,0.98,22.7790656241357,147.334878748963,92.6651212510371
"SC","Charleston-North Charleston-Summerville, SC",300,3.2,1.009,0.98,18.8154150581874,356.446245174562,243.553754825438
"MT","Missoula, MT",60,6.6,1.009,0.98,26.3232617317269,75.7939570390361,44.2060429609639
"FL","Lakeland-Winter Haven, FL",200,3.4,1.007,0.98,20.4763087201446,240.952617440289,159.047382559711
"WA","Seattle-Bellevue-Everett, WA Metropolitan Division",1460,5.3,1.005,0.98,13.5249878507601,1657.4648226211,1262.5351773789
"GA","Warner Robins, GA",60,10.6,1.005,0.98,26.3232617317269,75.7939570390361,44.2060429609639
"TX","Sherman-Denison, TX",40,11.2,1.004,0.98,28.6468957539932,51.4587583015973,28.5412416984027
"NC","Goldsboro, NC",40,16.8,1.004,0.97,28.6468957539932,51.4587583015973,28.5412416984027
"MA","Lowell-Billerica-Chelmsford, MA-NH NECTA Division",120,10.2,1.003,0.97,22.7790656241357,147.334878748963,92.6651212510371
"MN","Mankato-North Mankato, MN",50,32,1.002,0.97,27.3438247034175,63.6719123517087,36.3280876482913
"NC","Jacksonville, NC",40,3.7,1.001,0.97,28.6468957539932,51.4587583015973,28.5412416984027
"KS","Wichita, KS",280,15.1,0.998,0.97,19.0882019550231,333.446965474065,226.553034525935
"OR","Salem, OR",140,8.8,0.995,0.97,22.0581363757847,170.881390926099,109.118609073901
"MS","Gulfport-Biloxi, MS",100,6.3,0.995,0.97,23.6622187509264,123.662218750926,76.3377812490736
"FL","Pensacola-Ferry Pass-Brent, FL",150,4.6,0.994,0.97,21.7429065502564,182.614359825385,117.385640174615
"IL","Springfield, IL",100,18.5,0.993,0.96,23.6622187509264,123.662218750926,76.3377812490736
"NC","Charlotte-Gastonia-Rock Hill, NC-SC",870,2.2,0.989,0.96,15.0675919261205,1001.08804975725,738.911950242751
"GA","Gainesville, GA",70,6.9,0.989,0.96,25.4901630608888,87.8431141426221,52.1568858573779
"IA","Sioux City, IA-NE-SD",70,18.3,0.988,0.96,25.4901630608888,87.8431141426221,52.1568858573779
"NY","Buffalo-Niagara Falls, NY",530,9.1,0.987,0.96,16.7089827674699,618.55760866759,441.44239133241
"CO","Colorado Springs, CO",240,3.9,0.987,0.96,19.7120644089209,287.30895458141,192.69104541859
"AZ","Flagstaff, AZ",60,7.7,0.984,0.96,26.3232617317269,75.7939570390361,44.2060429609639
"CA","Santa Cruz-Watsonville, CA",80,8.3,0.98,0.95,24.78984272384,99.831874179072,60.168125820928
"TX","Waco, TX",100,4.6,0.978,0.95,23.6622187509264,123.662218750926,76.3377812490736
"GA","Atlanta-Sandy Springs-Marietta, GA",2250,6.6,0.975,0.95,12.358052574074,2528.05618291666,1971.94381708334
"PA","Reading, PA",160,10.2,0.972,0.94,21.4521080242023,194.323372838724,125.676627161276
"OH","Cincinnati-Middletown, OH-KY-IN",970,6,0.971,0.94,14.7294177251343,1112.8753519338,827.124648066198
"NC","Hickory-Lenoir-Morganton, NC",140,6.1,0.971,0.94,22.0581363757847,170.881390926099,109.118609073901
"MT","Billings, MT",80,7.9,0.97,0.94,24.78984272384,99.831874179072,60.168125820928
"TX","Fort Worth-Arlington, TX Metropolitan Division",880,13.9,0.969,0.94,15.0317080794958,1012.27903109956,747.720968900437
"AL","Mobile, AL",160,22.8,0.968,0.94,21.4521080242023,194.323372838724,125.676627161276
"TX","San Antonio-New Braunfels, TX",860,1.8,0.967,0.94,15.1039777784069,989.8942088943,730.1057911057
"CA","Merced, CA",60,31.1,0.966,0.94,26.3232617317269,75.7939570390361,44.2060429609639
"IN","Gary, IN Metropolitan Division",260,14.6,0.964,0.94,19.3856202915816,310.402612758112,209.597387241888
"ND","Fargo, ND-MN",120,7.3,0.964,0.94,22.7790656241357,147.334878748963,92.6651212510371
"TX","Laredo, TX",90,8.9,0.962,0.93,24.188104503449,111.769294053104,68.2307059468959
"TN","Memphis, TN-MS-AR",570,3.5,0.961,0.93,16.4572597686305,663.806380681194,476.193619318806
"WA","Kennewick-Pasco-Richland, WA",90,5.5,0.96,0.93,24.188104503449,111.769294053104,68.2307059468959
"OR","Portland-Vancouver-Hillsboro, OR-WA",980,6.3,0.957,0.93,14.6979332597923,1124.03974594597,835.960254054035
"ID","Idaho Falls, ID",50,29.3,0.955,0.93,27.3438247034175,63.6719123517087,36.3280876482913
"AK","Fairbanks, AK",30,0,0.955,0.93,30.418899511963,39.1256698535889,20.8743301464111
"MD","Hagerstown-Martinsburg, MD-WV",100,6,0.954,0.93,23.6622187509264,123.662218750926,76.3377812490736
"TX","College Station-Bryan, TX",90,26.5,0.953,0.93,24.188104503449,111.769294053104,68.2307059468959
"CO","Pueblo, CO",50,1.1,0.952,0.92,27.3438247034175,63.6719123517087,36.3280876482913
"VA","Danville, VA",40,24,0.951,0.92,28.6468957539932,51.4587583015973,28.5412416984027
"IA","Waterloo-Cedar Falls, IA",90,11.9,0.95,0.92,24.188104503449,111.769294053104,68.2307059468959
"IA","Cedar Rapids, IA",130,15.1,0.949,0.92,22.401830048134,159.122379062574,100.877620937426
"AR","Pine Bluff, AR",30,3,0.935,0.91,30.418899511963,39.1256698535889,20.8743301464111
"TN","Johnson City, TN",70,11.3,0.929,0.9,25.4901630608888,87.8431141426221,52.1568858573779
"ID","Boise City-Nampa, ID",250,11.4,0.927,0.9,19.544895929558,298.862239823895,201.137760176105
"OR","Eugene-Springfield, OR",130,9.2,0.926,0.9,22.401830048134,159.122379062574,100.877620937426
"TX","Beaumont-Port Arthur, TX",140,8.3,0.925,0.9,22.0581363757847,170.881390926099,109.118609073901
"WY","Cheyenne, WY",40,0,0.922,0.9,28.6468957539932,51.4587583015973,28.5412416984027
"OH","Columbus, OH",860,23.5,0.917,0.89,15.1039777784069,989.8942088943,730.1057911057
"PA","Allentown-Bethlehem-Easton, PA-NJ",310,9.4,0.916,0.89,18.6871393697608,367.930132046259,252.069867953741
"MN","Duluth, MN-WI",110,21,0.916,0.89,23.1963536683867,135.515989035225,84.4840109647747
"IA","Ames, IA",40,10.3,0.902,0.88,28.6468957539932,51.4587583015973,28.5412416984027
"TX","Victoria, TX",50,5.2,0.897,0.87,27.3438247034175,63.6719123517087,36.3280876482913
"TX","Lubbock, TX",120,4,0.896,0.87,22.7790656241357,147.334878748963,92.6651212510371
"TX","Midland, TX",70,3.9,0.896,0.87,25.4901630608888,87.8431141426221,52.1568858573779
"MT","Great Falls, MT",30,17.5,0.896,0.87,30.418899511963,39.1256698535889,20.8743301464111
"MO","Joplin, MO",70,14.1,0.895,0.87,25.4901630608888,87.8431141426221,52.1568858573779
"FL","Panama City-Lynn Haven-Panama City Beach, FL",60,2.5,0.893,0.87,26.3232617317269,75.7939570390361,44.2060429609639
"PA","Harrisburg-Carlisle, PA",270,13.2,0.891,0.87,19.2335820445996,321.930671520419,218.069328479581
"AK","Anchorage, AK",160,1.8,0.888,0.86,21.4521080242023,194.323372838724,125.676627161276
"CA","Sacramento--Arden-Arcade--Roseville, CA",740,20.6,0.884,0.86,15.5850398220413,855.329294683105,624.670705316895
"MI","Holland-Grand Haven, MI",90,15.5,0.883,0.86,24.188104503449,111.769294053104,68.2307059468959
"OH","Akron, OH",280,10.8,0.88,0.85,19.0882019550231,333.446965474065,226.553034525935
"TN","Chattanooga, TN-GA",200,11.4,0.873,0.85,20.4763087201446,240.952617440289,159.047382559711
"OR","Medford, OR",70,38.2,0.872,0.85,25.4901630608888,87.8431141426221,52.1568858573779
"LA","Shreveport-Bossier City, LA",150,1.1,0.871,0.85,21.7429065502564,182.614359825385,117.385640174615
"NH","Portsmouth, NH-ME",50,20.9,0.871,0.85,27.3438247034175,63.6719123517087,36.3280876482913
"OH","Sandusky, OH",30,13.3,0.871,0.85,30.418899511963,39.1256698535889,20.8743301464111
"AL","Decatur, AL",50,17.2,0.868,0.84,27.3438247034175,63.6719123517087,36.3280876482913
"WV","Wheeling, WV-OH",50,26.8,0.861,0.84,27.3438247034175,63.6719123517087,36.3280876482913
"MN","Rochester, MN",90,38.5,0.86,0.84,24.188104503449,111.769294053104,68.2307059468959
"GA","Savannah, GA",130,12.1,0.858,0.83,22.401830048134,159.122379062574,100.877620937426
"GA","Brunswick, GA",30,9.4,0.849,0.82,30.418899511963,39.1256698535889,20.8743301464111
"FL","Sebastian-Vero Beach, FL",40,2.5,0.848,0.82,28.6468957539932,51.4587583015973,28.5412416984027
"TN","Knoxville, TN",270,7,0.846,0.82,19.2335820445996,321.930671520419,218.069328479581
"AL","Huntsville, AL",180,10.8,0.843,0.82,20.9313885726946,217.67649943085,142.32350056915
"PA","Lebanon, PA",40,29.5,0.84,0.82,28.6468957539932,51.4587583015973,28.5412416984027
"AL","Dothan, AL",50,8.9,0.839,0.82,27.3438247034175,63.6719123517087,36.3280876482913
"SC","Spartanburg, SC",100,6.5,0.838,0.81,23.6622187509264,123.662218750926,76.3377812490736
"LA","Houma-Bayou Cane-Thibodaux, LA",80,2.2,0.837,0.81,24.78984272384,99.831874179072,60.168125820928
"MI","Muskegon-Norton Shores, MI",50,19.1,0.832,0.81,27.3438247034175,63.6719123517087,36.3280876482913
"FL","Jacksonville, FL",490,10,0.827,0.8,16.9847855261906,573.225449078334,406.774550921666
"MA","Taunton-Norton-Raynham, MA NECTA Division",40,3.7,0.827,0.8,28.6468957539932,51.4587583015973,28.5412416984027
"CO","Denver-Aurora-Broomfield, CO",1050,2.4,0.822,0.8,14.4878870955027,1202.12281450278,897.877185497221
"GA","Macon, GA",80,15.8,0.822,0.8,24.78984272384,99.831874179072,60.168125820928
"OH","Mansfield, OH",40,17.7,0.816,0.79,28.6468957539932,51.4587583015973,28.5412416984027
"WA","Bremerton-Silverdale, WA",60,4.9,0.812,0.79,26.3232617317269,75.7939570390361,44.2060429609639
"OH","Youngstown-Warren-Boardman, OH-PA",180,13,0.811,0.79,20.9313885726946,217.67649943085,142.32350056915
"MN","Minneapolis-St. Paul-Bloomington, MN-WI",1450,4.8,0.81,0.79,13.5443950616437,1646.39372839383,1253.60627160617
"TX","Houston-Sugar Land-Baytown, TX",2230,2.4,0.808,0.78,12.3810943306473,2506.09840357343,1953.90159642657
"LA","New Orleans-Metairie-Kenner, LA",420,3.7,0.805,0.78,17.5399017179757,493.667587215498,346.332412784502
"OK","Tulsa, OK",340,4.8,0.805,0.78,18.3304522718855,402.323537724411,277.676462275589
"KY","Louisville-Jefferson County, KY-IN",490,3.7,0.803,0.78,16.9847855261906,573.225449078334,406.774550921666
"WI","Green Bay, WI",130,16.5,0.803,0.78,22.401830048134,159.122379062574,100.877620937426
"LA","Lafayette, LA",120,3.1,0.801,0.78,22.7790656241357,147.334878748963,92.6651212510371
"TX","Longview, TX",80,11.2,0.801,0.78,24.78984272384,99.831874179072,60.168125820928
"FL","Tampa-St. Petersburg-Clearwater, FL",920,5.4,0.798,0.77,14.892949072107,1057.01513146338,782.984868536616
"MI","Lansing-East Lansing, MI",160,12.4,0.797,0.77,21.4521080242023,194.323372838724,125.676627161276
"TX","Tyler, TX",70,8.2,0.797,0.77,25.4901630608888,87.8431141426221,52.1568858573779
"NJ","Atlantic City-Hammonton, NJ",110,7.8,0.795,0.77,23.1963536683867,135.515989035225,84.4840109647747
"AZ","Tucson, AZ",280,5.4,0.792,0.77,19.0882019550231,333.446965474065,226.553034525935
"IA","Dubuque, IA",50,9.4,0.791,0.77,27.3438247034175,63.6719123517087,36.3280876482913
"NE","Lincoln, NE",130,2,0.786,0.76,22.401830048134,159.122379062574,100.877620937426
"TX","Dallas-Plano-Irving, TX Metropolitan Division",1680,4.6,0.784,0.76,13.1346820129876,1900.66265781819,1459.33734218181
"FL","North Port-Bradenton-Sarasota, FL",190,4.2,0.784,0.76,20.696608577694,229.323556297619,150.676443702381
"FL","Fort Lauderdale-Pompano Beach-Deerfield Beach, FL Metropolitan Division",570,5.8,0.781,0.76,16.4572597686305,663.806380681194,476.193619318806
"IN","Michigan City-La Porte, IN",30,32.7,0.779,0.76,30.418899511963,39.1256698535889,20.8743301464111
"WI","Milwaukee-Waukesha-West Allis, WI",630,4.6,0.777,0.75,16.1171886697944,731.538288619705,528.461711380295
"WV","Huntington-Ashland, WV-KY-OH",80,10,0.777,0.75,24.78984272384,99.831874179072,60.168125820928
"WV","Charleston, WV",110,13.3,0.774,0.75,23.1963536683867,135.515989035225,84.4840109647747
"MI","Kalamazoo-Portage, MI",100,19,0.764,0.74,23.6622187509264,123.662218750926,76.3377812490736
"CA","Salinas, CA",120,31.1,0.76,0.74,22.7790656241357,147.334878748963,92.6651212510371
"TX","Corpus Christi, TX",140,10.2,0.755,0.73,22.0581363757847,170.881390926099,109.118609073901
"CA","Oakland-Fremont-Hayward, CA Metropolitan Division",760,16.3,0.754,0.73,15.4985687369437,877.789122400772,642.210877599228
"IA","Des Moines-West Des Moines, IA",250,13.8,0.75,0.73,19.544895929558,298.862239823895,201.137760176105
"NC","Wilmington, NC",100,5.9,0.749,0.73,23.6622187509264,123.662218750926,76.3377812490736
"PA","Williamsport, PA",40,14.5,0.749,0.73,28.6468957539932,51.4587583015973,28.5412416984027
"CA","San Jose-Sunnyvale-Santa Clara, CA",700,12.5,0.748,0.73,15.7667767600494,810.367437320346,589.632562679654
"GA","Columbus, GA-AL",80,14.1,0.741,0.72,24.78984272384,99.831874179072,60.168125820928
"SD","Sioux Falls, SD",100,2.7,0.739,0.72,23.6622187509264,123.662218750926,76.3377812490736
"NJ","Vineland-Millville-Bridgeton, NJ",40,5,0.739,0.72,28.6468957539932,51.4587583015973,28.5412416984027
"FL","Port St. Lucie, FL",90,6.1,0.737,0.72,24.188104503449,111.769294053104,68.2307059468959
"WA","Bellingham, WA",60,16.2,0.737,0.72,26.3232617317269,75.7939570390361,44.2060429609639
"AL","Birmingham-Hoover, AL",360,10.6,0.736,0.72,18.1131608522139,425.20737906797,294.79262093203
"MI","Battle Creek, MI",40,9.3,0.736,0.72,28.6468957539932,51.4587583015973,28.5412416984027
"IL","Rockford, IL",110,14.1,0.735,0.71,23.1963536683867,135.515989035225,84.4840109647747
"IN","Fort Wayne, IN",150,4.9,0.733,0.71,21.7429065502564,182.614359825385,117.385640174615
"FL","Naples-Marco Island, FL",90,1.6,0.722,0.7,24.188104503449,111.769294053104,68.2307059468959
"MI","Saginaw-Saginaw Township North, MI",60,16.3,0.716,0.7,26.3232617317269,75.7939570390361,44.2060429609639
"PA","Erie, PA",90,18.6,0.712,0.69,24.188104503449,111.769294053104,68.2307059468959
"GA","Dalton, GA",40,15.2,0.712,0.69,28.6468957539932,51.4587583015973,28.5412416984027
"NM","Farmington, NM",40,4.2,0.703,0.68,28.6468957539932,51.4587583015973,28.5412416984027
"GA","Valdosta, GA",30,10.3,0.691,0.67,30.418899511963,39.1256698535889,20.8743301464111
"NV","Reno-Sparks, NV",130,0.3,0.69,0.67,22.401830048134,159.122379062574,100.877620937426
"WI","Wausau, WI",40,21.5,0.686,0.67,28.6468957539932,51.4587583015973,28.5412416984027
"TX","Texarkana-Texarkana, TX-AR",40,9.2,0.679,0.66,28.6468957539932,51.4587583015973,28.5412416984027
"AL","Florence-Muscle Shoals, AL",30,28.3,0.669,0.65,30.418899511963,39.1256698535889,20.8743301464111
"CO","Grand Junction, CO",40,7.3,0.668,0.65,28.6468957539932,51.4587583015973,28.5412416984027
"FL","Miami-Miami Beach-Kendall, FL Metropolitan Division",680,6.8,0.663,0.64,15.8624177914131,787.864440981609,572.135559018391
"CA","San Luis Obispo-Paso Robles, CA",70,25.6,0.663,0.64,25.4901630608888,87.8431141426221,52.1568858573779
"WI","Racine, WI",50,16.1,0.663,0.64,27.3438247034175,63.6719123517087,36.3280876482913
"CA","Stockton, CA",130,19,0.661,0.64,22.401830048134,159.122379062574,100.877620937426
"MI","Detroit-Livonia-Dearborn, MI Metropolitan Division",460,8.9,0.651,0.63,17.2101438597627,539.166661754908,380.833338245092
"CA","El Centro, CA",30,12.7,0.65,0.63,30.418899511963,39.1256698535889,20.8743301464111
"PA","Lancaster, PA",140,15.4,0.649,0.63,22.0581363757847,170.881390926099,109.118609073901
"NM","Albuquerque, NM",240,6.8,0.645,0.63,19.7120644089209,287.30895458141,192.69104541859
"PA","York-Hanover, PA",110,11.6,0.645,0.63,23.1963536683867,135.515989035225,84.4840109647747
"CA","Los Angeles-Long Beach-Glendale, CA  Metropolitan Division",2530,5.9,0.638,0.62,12.0593210799711,2835.10082332327,2224.89917667673
"CA","Santa Barbara-Santa Maria-Goleta, CA",100,30.7,0.606,0.59,23.6622187509264,123.662218750926,76.3377812490736
"FL","Orlando-Kissimmee-Sanford, FL",630,1.9,0.605,0.59,16.1171886697944,731.538288619705,528.461711380295
"IN","Elkhart-Goshen, IN",70,5.6,0.599,0.58,25.4901630608888,87.8431141426221,52.1568858573779
"WI","Oshkosh-Neenah, WI",50,13.7,0.594,0.58,27.3438247034175,63.6719123517087,36.3280876482913
"ID","Coeur d'Alene, ID",30,17.9,0.586,0.57,30.418899511963,39.1256698535889,20.8743301464111
"IN","Evansville, IN-KY",100,4.4,0.576,0.56,23.6622187509264,123.662218750926,76.3377812490736
"CA","Fresno, CA",180,24.4,0.573,0.56,20.9313885726946,217.67649943085,142.32350056915
"UT","Salt Lake City, UT",370,7.5,0.567,0.55,18.0099170485859,436.636693079768,303.363306920232
"FL","Cape Coral-Fort Myers, FL",120,22.2,0.562,0.55,22.7790656241357,147.334878748963,92.6651212510371
"WI","Eau Claire, WI",40,11.7,0.553,0.54,28.6468957539932,51.4587583015973,28.5412416984027
"CA","Vallejo-Fairfield, CA",70,11.2,0.549,0.53,25.4901630608888,87.8431141426221,52.1568858573779
"MI","Flint, MI",70,11.4,0.541,0.53,25.4901630608888,87.8431141426221,52.1568858573779
"AZ","Yuma, AZ",30,20.4,0.54,0.52,30.418899511963,39.1256698535889,20.8743301464111
"MI","Warren-Troy-Farmington Hills, MI Metropolitan Division",600,8.6,0.538,0.52,16.2820845958927,697.692507575356,502.307492424644
"CA","Napa, CA",40,28.4,0.533,0.52,28.6468957539932,51.4587583015973,28.5412416984027
"AZ","Phoenix-Mesa-Glendale, AZ",950,5.5,0.531,0.52,14.7935800910569,1090.53901086504,809.46098913496
"TX","Odessa, TX",40,0,0.522,0.51,28.6468957539932,51.4587583015973,28.5412416984027
"NM","Las Cruces, NM",40,9,0.521,0.51,28.6468957539932,51.4587583015973,28.5412416984027
"MI","Grand Rapids-Wyoming, MI",210,14.2,0.516,0.5,20.2689360173682,252.564765636473,167.435234363527
"CA","Santa Rosa-Petaluma, CA",90,21.1,0.509,0.49,24.188104503449,111.769294053104,68.2307059468959
"CA","San Diego-Carlsbad-San Marcos, CA",650,6.6,0.506,0.49,16.0124430898542,754.080880084053,545.919119915947
"NV","Las Vegas-Paradise, NV",410,1,0.492,0.48,17.6283049931218,482.276050471799,337.723949528201
"CA","Chico, CA",30,28.3,0.49,0.48,30.418899511963,39.1256698535889,20.8743301464111
"WI","Appleton, WI",60,19.6,0.488,0.47,26.3232617317269,75.7939570390361,44.2060429609639
"CA","Riverside-San Bernardino-Ontario, CA",550,19,0.459,0.45,16.5803549178391,641.191952048115,458.808047951885
"CA","Oxnard-Thousand Oaks-Ventura, CA",120,7.8,0.415,0.4,22.7790656241357,147.334878748963,92.6651212510371
"CA","Santa Ana-Anaheim-Irvine, CA Metropolitan Division",570,7,0.392,0.38,16.4572597686305,663.806380681194,476.193619318806
"CA","Modesto, CA",60,30.1,0.359,0.35,26.3232617317269,75.7939570390361,44.2060429609639
"CA","Bakersfield-Delano, CA",90,9.8,0.304,0.3,24.188104503449,111.769294053104,68.2307059468959
"UT","Ogden-Clearfield, UT",30,15.5,0.163,0.16,30.418899511963,39.1256698535889,20.8743301464111
